{
	"parent": "item/handheld",
	"textures": {
		"layer0": "item/feather"
	},
	"overrides": [
		{
		   "predicate": {
             "custom_model_data": 10
		   },
		   "model": "item/weapons/chg100"
           },
		{
		   "predicate": {
             "custom_model_data": 11
		   },
		   "model": "item/weapons/chg100reloading"
           },
		{
			"predicate": {
			  "custom_model_data": 12
			},
			"model": "item/weapons/chg100sprinting"
			},
		{
			"predicate": {
			  "custom_model_data": 13
			},
			"model": "item/weapons/chg100empty"
			},
		{
			"predicate": {
			  "custom_model_data": 14
			},
			"model": "item/weapons/chg100aiming"
			}
		   
	]
}