{
	"credit": "Made with Blockbench",
	"textures": {
		"0": "block/color/white",
		"1": "block/color/armycamothree",
		"2": "block/color/armycamoone",
		"3": "block/color/cyan_terracotta",
		"4": "block/color/cauldron_inner",
		"5": "block/color/blue_camo_three",
		"6": "block/color/brightgreen",
		"7": "block/color/brown_wood",
		"particle": "block/color/white"
	},
	"elements": [
		{
			"from": [19, 15, 7.25],
			"to": [28, 17, 8.75],
			"rotation": {"angle": 0, "axis": "y", "origin": [7, 7, 7.25]},
			"faces": {
				"north": {"uv": [0, 0, 9, 2], "texture": "#7"},
				"east": {"uv": [0, 0, 1.5, 2], "texture": "#3"},
				"south": {"uv": [0, 0, 9, 2], "texture": "#7"},
				"west": {"uv": [0, 0, 1.5, 2], "texture": "#7"},
				"up": {"uv": [0, 0, 9, 1.5], "texture": "#7"},
				"down": {"uv": [0, 0, 9, 1.5], "texture": "#7"}
			}
		},
		{
			"from": [25, 11, 7],
			"to": [30, 15, 9],
			"rotation": {"angle": 0, "axis": "y", "origin": [7, 7, 7]},
			"faces": {
				"north": {"uv": [0, 0, 5, 4], "texture": "#4"},
				"east": {"uv": [0, 0, 2, 4], "texture": "#4"},
				"south": {"uv": [0, 0, 5, 4], "texture": "#4"},
				"west": {"uv": [0, 0, 2, 4], "texture": "#4"},
				"up": {"uv": [0, 0, 5, 2], "texture": "#4"},
				"down": {"uv": [0, 0, 5, 2], "texture": "#4"}
			}
		},
		{
			"from": [7, 16.5, 7.45],
			"to": [8, 17.2, 7.7],
			"rotation": {"angle": 0, "axis": "y", "origin": [7, 7, 7.75]},
			"faces": {
				"north": {"uv": [0, 0, 1, 0.7], "texture": "#0"},
				"east": {"uv": [0, 0, 0.25, 0.7], "texture": "#6"},
				"south": {"uv": [0, 0, 1, 0.7], "texture": "#0"},
				"west": {"uv": [0, 0, 0.25, 0.7], "texture": "#0"},
				"up": {"uv": [0, 0, 1, 0.25], "texture": "#3"},
				"down": {"uv": [0, 0, 1, 0.25], "texture": "#0"}
			}
		},
		{
			"from": [7, 16.5, 8.3],
			"to": [8, 17.2, 8.55],
			"rotation": {"angle": 0, "axis": "y", "origin": [7, 7, 8.25]},
			"faces": {
				"north": {"uv": [1, 0, 2, 0.7], "texture": "#0"},
				"east": {"uv": [0.25, 0, 0.5, 0.7], "texture": "#6"},
				"south": {"uv": [1, 0, 2, 0.7], "texture": "#0"},
				"west": {"uv": [0.25, 0, 0.5, 0.7], "texture": "#0"},
				"up": {"uv": [0, 0.25, 1, 0.5], "texture": "#3"},
				"down": {"uv": [0, 0.25, 1, 0.5], "texture": "#0"}
			}
		},
		{
			"from": [23.59642, 4.7407, 7.38283],
			"to": [28.04003, 7.20937, 8.61717],
			"rotation": {"angle": -45, "axis": "z", "origin": [25.94166, 5.97504, 8]},
			"faces": {
				"north": {"uv": [0, 0, 16, 10], "texture": "#2"},
				"east": {"uv": [0, 0, 5, 10], "texture": "#2"},
				"south": {"uv": [0, 0, 16, 10], "texture": "#2"},
				"west": {"uv": [0, 0, 5, 10], "texture": "#2"},
				"up": {"uv": [0, 0, 16, 5], "texture": "#1"},
				"down": {"uv": [0, 0, 16, 5], "texture": "#2"}
			}
		},
		{
			"from": [25.55434, 8.27554, 7.50627],
			"to": [29.25734, 10.74421, 8.49373],
			"rotation": {"angle": 0, "axis": "y", "origin": [24.07313, 5.80687, 7.75313]},
			"faces": {
				"north": {"uv": [0, 0, 15, 10], "texture": "#1"},
				"east": {"uv": [0, 0, 4, 10], "texture": "#1"},
				"south": {"uv": [0, 0, 15, 10], "texture": "#1"},
				"west": {"uv": [0, 0, 4, 10], "texture": "#1"}
			}
		},
		{
			"from": [25.41186, 6.07805, 7.50627],
			"to": [29.11486, 9.04045, 8.49373],
			"rotation": {"angle": -22.5, "axis": "z", "origin": [27.26336, 8.29985, 8]},
			"faces": {
				"north": {"uv": [0, 0, 15, 12], "texture": "#1"},
				"east": {"uv": [0, 0, 4, 12], "texture": "#1"},
				"south": {"uv": [0, 0, 15, 12], "texture": "#1"},
				"west": {"uv": [0, 0, 4, 12], "texture": "#1"}
			}
		},
		{
			"name": "octagon",
			"from": [-13.7063, 15.78598, 7.6523],
			"to": [1.2448, 16.07402, 8.3477],
			"rotation": {"angle": 45, "axis": "x", "origin": [-6.0569, 15.93, 8]},
			"faces": {
				"north": {"uv": [0, 0, 1, 1], "texture": "#3"},
				"east": {"uv": [0, 0, 1, 1], "texture": "#3"},
				"south": {"uv": [0, 0, 1, 1], "texture": "#3"},
				"west": {"uv": [0, 0, 1, 1], "texture": "#4"}
			}
		},
		{
			"name": "octagon",
			"from": [-13.7063, 15.78598, 7.6523],
			"to": [1.2448, 16.07402, 8.3477],
			"rotation": {"angle": 0, "axis": "x", "origin": [-6.0569, 15.93, 8]},
			"faces": {
				"north": {"uv": [0, 0, 1, 1], "texture": "#3"},
				"south": {"uv": [0, 0, 1, 1], "texture": "#3"},
				"west": {"uv": [0, 0, 1, 1], "texture": "#4"}
			}
		},
		{
			"name": "octagon",
			"from": [-13.7063, 15.5823, 7.85598],
			"to": [1.2448, 16.2777, 8.14402],
			"rotation": {"angle": 45, "axis": "x", "origin": [-6.0569, 15.93, 8]},
			"faces": {
				"east": {"uv": [0, 0, 1, 1], "texture": "#3"},
				"west": {"uv": [0, 0, 1, 1], "texture": "#4"},
				"up": {"uv": [0, 0, 1, 1], "texture": "#3"},
				"down": {"uv": [0, 0, 1, 1], "texture": "#3"}
			}
		},
		{
			"name": "octagon",
			"from": [-13.7063, 15.5823, 7.85598],
			"to": [1.2448, 16.2777, 8.14402],
			"rotation": {"angle": 0, "axis": "x", "origin": [-6.0569, 15.93, 8]},
			"faces": {
				"west": {"uv": [0, 0, 1, 1], "texture": "#4"},
				"up": {"uv": [0, 0, 1, 1], "texture": "#3"},
				"down": {"uv": [0, 0, 1, 1], "texture": "#3"}
			}
		},
		{
			"name": "octagon",
			"from": [-15.28486, 15.74709, 7.55842],
			"to": [-13.51854, 16.11291, 7.66882],
			"rotation": {"angle": 45, "axis": "x", "origin": [-14.4017, 15.93, 8]},
			"faces": {
				"north": {"uv": [0, 0, 1, 1], "texture": "#1"},
				"east": {"uv": [0, 0, 1, 1], "texture": "#1"},
				"south": {"uv": [0, 0, 1, 1], "texture": "#1"},
				"west": {"uv": [0, 0, 1, 1], "texture": "#1"}
			}
		},
		{
			"name": "octagon",
			"from": [-15.28486, 15.74709, 7.55842],
			"to": [-13.51854, 16.11291, 7.66882],
			"rotation": {"angle": 0, "axis": "x", "origin": [-14.4017, 15.93, 8]},
			"faces": {
				"north": {"uv": [0, 0, 1, 1], "texture": "#1"},
				"east": {"uv": [0, 0, 1, 1], "texture": "#1"},
				"south": {"uv": [0, 0, 1, 1], "texture": "#1"},
				"west": {"uv": [0, 0, 1, 1], "texture": "#1"}
			}
		},
		{
			"name": "octagon",
			"from": [-15.28486, 15.74709, 8.33118],
			"to": [-13.51854, 16.11291, 8.44158],
			"rotation": {"angle": 45, "axis": "x", "origin": [-14.4017, 15.93, 8]},
			"faces": {
				"north": {"uv": [0, 0, 1, 1], "texture": "#1"},
				"east": {"uv": [0, 0, 1, 1], "texture": "#1"},
				"south": {"uv": [0, 0, 1, 1], "texture": "#1"},
				"west": {"uv": [0, 0, 1, 1], "texture": "#1"}
			}
		},
		{
			"name": "octagon",
			"from": [-15.28486, 15.74709, 8.33118],
			"to": [-13.51854, 16.11291, 8.44158],
			"rotation": {"angle": 0, "axis": "x", "origin": [-14.4017, 15.93, 8]},
			"faces": {
				"north": {"uv": [0, 0, 1, 1], "texture": "#1"},
				"east": {"uv": [0, 0, 1, 1], "texture": "#1"},
				"south": {"uv": [0, 0, 1, 1], "texture": "#1"},
				"west": {"uv": [0, 0, 1, 1], "texture": "#1"}
			}
		},
		{
			"name": "octagon",
			"from": [-15.28486, 15.48842, 7.81709],
			"to": [-13.51854, 15.59882, 8.18291],
			"rotation": {"angle": 45, "axis": "x", "origin": [-14.4017, 15.93, 8]},
			"faces": {
				"east": {"uv": [0, 0, 1, 1], "texture": "#1"},
				"west": {"uv": [0, 0, 1, 1], "texture": "#1"},
				"up": {"uv": [0, 0, 1, 1], "texture": "#1"},
				"down": {"uv": [0, 0, 1, 1], "texture": "#1"}
			}
		},
		{
			"name": "octagon",
			"from": [-15.28486, 15.48842, 7.81709],
			"to": [-13.51854, 15.59882, 8.18291],
			"rotation": {"angle": 0, "axis": "x", "origin": [-14.4017, 15.93, 8]},
			"faces": {
				"east": {"uv": [0, 0, 1, 1], "texture": "#1"},
				"west": {"uv": [0, 0, 1, 1], "texture": "#1"},
				"up": {"uv": [0, 0, 1, 1], "texture": "#1"},
				"down": {"uv": [0, 0, 1, 1], "texture": "#1"}
			}
		},
		{
			"name": "octagon",
			"from": [-15.28486, 16.26118, 7.81709],
			"to": [-13.51854, 16.37158, 8.18291],
			"rotation": {"angle": 45, "axis": "x", "origin": [-14.4017, 15.93, 8]},
			"faces": {
				"east": {"uv": [0, 0, 1, 1], "texture": "#1"},
				"west": {"uv": [0, 0, 1, 1], "texture": "#1"},
				"up": {"uv": [0, 0, 1, 1], "texture": "#1"},
				"down": {"uv": [0, 0, 1, 1], "texture": "#1"}
			}
		},
		{
			"name": "octagon",
			"from": [-15.28486, 16.26118, 7.81709],
			"to": [-13.51854, 16.37158, 8.18291],
			"rotation": {"angle": 0, "axis": "x", "origin": [-14.4017, 15.93, 8]},
			"faces": {
				"east": {"uv": [0, 0, 1, 1], "texture": "#1"},
				"west": {"uv": [0, 0, 1, 1], "texture": "#1"},
				"up": {"uv": [0, 0, 1, 1], "texture": "#1"},
				"down": {"uv": [0, 0, 1, 1], "texture": "#1"}
			}
		},
		{
			"from": [-15.0971, 16.2777, 7.91308],
			"to": [-14.4017, 17.2731, 8.08693],
			"rotation": {"angle": 0, "axis": "y", "origin": [-7.4477, 15.5823, 7.91308]},
			"faces": {
				"north": {"uv": [0, 0, 2, 2], "texture": "#1"},
				"east": {"uv": [0, 0, 0.5, 2], "texture": "#6"},
				"south": {"uv": [0, 0, 2, 2], "texture": "#1"},
				"west": {"uv": [0, 0, 0.5, 2], "texture": "#1"},
				"up": {"uv": [0, 0, 2, 0.5], "texture": "#1"}
			}
		},
		{
			"from": [-14.4017, 16.2777, 7.91308],
			"to": [-13.7063, 16.8254, 8.08693],
			"rotation": {"angle": 0, "axis": "y", "origin": [-7.4477, 15.5823, 7.91308]},
			"faces": {
				"north": {"uv": [0, 0, 2, 1], "texture": "#1"},
				"east": {"uv": [0, 0, 0.5, 1], "texture": "#1"},
				"south": {"uv": [0, 0, 2, 1], "texture": "#1"},
				"up": {"uv": [0, 0, 2, 0.5], "texture": "#6"}
			}
		},
		{
			"from": [23.31166, 10.57872, 7.07927],
			"to": [25.22401, 15.09882, 8.92073],
			"rotation": {"angle": 22.5, "axis": "z", "origin": [23.74629, 12.66492, 8]},
			"faces": {
				"north": {"uv": [0, 0, 5.5, 13], "texture": "#0"},
				"south": {"uv": [0, 0, 5.5, 13], "texture": "#0"},
				"west": {"uv": [0, 0, 5.2961, 13], "texture": "#3"}
			}
		},
		{
			"from": [29.7494, 10.8395, 7.47845],
			"to": [31.27095, 16.4027, 8.52155],
			"rotation": {"angle": 0, "axis": "y", "origin": [14.23365, 13.6211, 1.56755]},
			"faces": {
				"north": {"uv": [0, 0, 1.5, 16], "texture": "#4"},
				"east": {"uv": [0, 0, 3, 16], "texture": "#4"},
				"south": {"uv": [0, 0, 1.5, 16], "texture": "#4"},
				"up": {"uv": [0, 0, 1.5, 3], "texture": "#4"},
				"down": {"uv": [0, 0, 1.5, 3], "texture": "#4"}
			}
		},
		{
			"from": [18.44386, 13.01262, 7.42697],
			"to": [19.66081, 17.53272, 8.57303],
			"rotation": {"angle": 22.5, "axis": "z", "origin": [23.74629, 12.66492, 8]},
			"faces": {
				"north": {"uv": [0, 0, 3.5, 13], "texture": "#4"},
				"east": {"uv": [0, 0, 3.2961, 13], "texture": "#4"},
				"south": {"uv": [0, 0, 3.5, 13], "texture": "#4"},
				"west": {"uv": [0, 0, 3.2961, 13], "texture": "#4"},
				"down": {"uv": [0, 0, 3.5, 3.2961], "texture": "#4"}
			}
		},
		{
			"from": [18.09616, 12.66492, 7.47845],
			"to": [20.00851, 17.53272, 8.52155],
			"rotation": {"angle": 22.5, "axis": "z", "origin": [23.74629, 12.66492, 8.05148]},
			"faces": {
				"north": {"uv": [0, 0, 5.5, 14], "texture": "#3"},
				"east": {"uv": [0, 0, 3, 14], "texture": "#3"},
				"south": {"uv": [0, 0, 5.5, 14], "texture": "#3"},
				"west": {"uv": [0, 0, 3, 14], "texture": "#3"},
				"down": {"uv": [0, 0, 5.5, 3], "texture": "#3"}
			}
		},
		{
			"from": [12.1724, 17.98179, 6.99696],
			"to": [13.6724, 18.32949, 7.69236],
			"rotation": {"angle": -22.5, "axis": "x", "origin": [12.8678, 18.15564, 7.34466]},
			"faces": {
				"east": {"uv": [0, 2, 1, 4], "rotation": 90, "texture": "#3"},
				"west": {"uv": [0, 2, 1, 4], "rotation": 270, "texture": "#3"},
				"up": {"uv": [0, 2, 4, 4], "texture": "#3"},
				"down": {"uv": [0, 2, 4, 4], "rotation": 180, "texture": "#3"}
			}
		},
		{
			"from": [12.1724, 17.98179, 8.30764],
			"to": [13.6724, 18.32949, 9.00304],
			"rotation": {"angle": 22.5, "axis": "x", "origin": [12.8678, 18.15564, 8.65534]},
			"faces": {
				"east": {"uv": [0, 0, 1, 2], "rotation": 90, "texture": "#3"},
				"west": {"uv": [0, 0, 1, 2], "rotation": 270, "texture": "#3"},
				"up": {"uv": [0, 0, 4, 2], "texture": "#3"},
				"down": {"uv": [0, 0, 4, 2], "rotation": 180, "texture": "#3"}
			}
		},
		{
			"from": [12.1724, 15.4016, 6.9569],
			"to": [13.6724, 16.8016, 9.0431],
			"rotation": {"angle": 0, "axis": "y", "origin": [7.6523, 15.4016, 7.6523]},
			"faces": {
				"north": {"uv": [0, 0, 4, 5], "texture": "#3"},
				"east": {"uv": [0, 0, 6, 5], "texture": "#3"},
				"south": {"uv": [0, 0, 4, 5], "texture": "#3"},
				"west": {"uv": [0, 0, 6, 5], "texture": "#3"},
				"up": {"uv": [0, 0, 4, 6], "texture": "#3"},
				"down": {"uv": [0, 0, 4, 6], "texture": "#3"}
			}
		},
		{
			"from": [12.1724, 18.10162, 7.59937],
			"to": [13.6724, 18.44932, 8.40063],
			"rotation": {"angle": 0, "axis": "y", "origin": [7.6523, 13.23382, 7.35753]},
			"faces": {
				"east": {"uv": [0, 0, 2.30448, 1], "texture": "#3"},
				"west": {"uv": [0, 0, 2.30448, 1], "texture": "#3"},
				"up": {"uv": [0, 0, 4, 2.30448], "texture": "#3"},
				"down": {"uv": [0, 0, 4, 2.30448], "texture": "#3"}
			}
		},
		{
			"from": [12.1724, 16.6832, 8.6954],
			"to": [13.6724, 18.1832, 9.0431],
			"rotation": {"angle": 0, "axis": "y", "origin": [7.6523, 15.9447, 7.6523]},
			"faces": {
				"north": {"uv": [0, 0, 4, 3], "texture": "#3"},
				"east": {"uv": [0, 0, 1, 3], "texture": "#3"},
				"south": {"uv": [0, 0, 4, 3], "texture": "#3"},
				"west": {"uv": [0, 0, 1, 3], "texture": "#3"}
			}
		},
		{
			"from": [12.1724, 16.6832, 6.9569],
			"to": [13.6724, 18.1832, 7.3046],
			"rotation": {"angle": 0, "axis": "y", "origin": [7.6523, 15.9447, 7.6523]},
			"faces": {
				"north": {"uv": [0, 0, 4, 3], "texture": "#3"},
				"east": {"uv": [0, 0, 1, 3], "texture": "#3"},
				"south": {"uv": [0, 0, 4, 3], "texture": "#3"},
				"west": {"uv": [0, 0, 1, 3], "texture": "#3"}
			}
		},
		{
			"from": [0.52445, 14.7459, 7.07927],
			"to": [30.52445, 15.789, 8.92073],
			"rotation": {"angle": 0, "axis": "y", "origin": [4.34915, 14.7459, 1.16837]},
			"faces": {
				"north": {"uv": [0, 0, 16, 3], "texture": "#0"},
				"east": {"uv": [0, 0, 5.2961, 3], "texture": "#3"},
				"south": {"uv": [0, 0, 16, 3], "texture": "#0"},
				"west": {"uv": [0, 0, 5.2961, 3], "texture": "#0"},
				"down": {"uv": [0, 0, 16, 5.2961], "texture": "#3"}
			}
		},
		{
			"from": [24.1431, 10.5712, 7.07927],
			"to": [30.52445, 14.789, 8.92073],
			"rotation": {"angle": 0, "axis": "y", "origin": [4.34915, 14.7459, 1.16837]},
			"faces": {
				"north": {"uv": [0, 0, 16, 3], "texture": "#0"},
				"east": {"uv": [0, 0, 5.2961, 3], "texture": "#0"},
				"south": {"uv": [0, 0, 16, 3], "texture": "#0"},
				"down": {"uv": [0, 0, 16, 5.2961], "texture": "#2"}
			}
		},
		{
			"from": [0.52445, 15.7096, 7.47845],
			"to": [30.52445, 16.7527, 8.52155],
			"rotation": {"angle": 0, "axis": "y", "origin": [4.34915, 13.6234, 1.56755]},
			"faces": {
				"east": {"uv": [0, 0, 3, 3], "texture": "#3"},
				"west": {"uv": [0, 0, 3, 3], "texture": "#0"},
				"up": {"uv": [0, 0, 16, 3], "texture": "#3"}
			}
		},
		{
			"from": [0.52445, 15.61624, 8.05221],
			"to": [30.52445, 16.65934, 8.74761],
			"rotation": {"angle": -22.5, "axis": "x", "origin": [7.13075, 16.13779, 8.39991]},
			"faces": {
				"east": {"uv": [0, 0, 3, 2], "rotation": 270, "texture": "#3"},
				"south": {"uv": [0, 0, 16, 3], "texture": "#0"},
				"west": {"uv": [0, 0, 3, 2], "rotation": 90, "texture": "#0"}
			}
		},
		{
			"from": [0.52445, 18.24951, 6.53127],
			"to": [30.52445, 19.29261, 7.22667],
			"rotation": {"angle": 22.5, "axis": "x", "origin": [7.13075, 15.64176, 0.62037]},
			"faces": {
				"north": {"uv": [0, 0, 16, 3], "texture": "#0"},
				"east": {"uv": [0, 2, 3, 4], "rotation": 270, "texture": "#3"},
				"west": {"uv": [0, 2, 3, 4], "rotation": 90, "texture": "#0"}
			}
		},
		{
			"from": [1.52445, 14.3459, 7.25],
			"to": [15.12445, 14.8459, 8.75],
			"rotation": {"angle": 0, "axis": "y", "origin": [4.34915, 14.7459, 1.3391]},
			"faces": {
				"north": {"uv": [0, 0, 16, 3], "texture": "#4"},
				"east": {"uv": [0, 0, 5.2961, 3], "texture": "#4"},
				"south": {"uv": [0, 0, 16, 3], "texture": "#4"},
				"west": {"uv": [0, 0, 5.2961, 3], "texture": "#4"},
				"down": {"uv": [0, 0, 16, 5.2961], "texture": "#4"}
			}
		},
		{
			"from": [16.146, 13.6608, 7.91308],
			"to": [16.4937, 14.3562, 8.08693],
			"rotation": {"angle": 0, "axis": "y", "origin": [22.7523, 13.6608, 7.91308]},
			"faces": {
				"north": {"uv": [0, 0, 1, 2], "texture": "#5"},
				"east": {"uv": [0, 0, 0.5, 2], "texture": "#5"},
				"south": {"uv": [0, 0, 1, 2], "texture": "#5"},
				"west": {"uv": [0, 0, 0.5, 2], "texture": "#5"}
			}
		},
		{
			"from": [16.02617, 13.0584, 7.91308],
			"to": [16.37387, 13.7538, 8.08693],
			"rotation": {"angle": -22.5, "axis": "z", "origin": [16.20002, 13.4061, 8.08693]},
			"faces": {
				"north": {"uv": [0, 0, 1, 2], "texture": "#5"},
				"east": {"uv": [0, 0, 0.5, 2], "texture": "#5"},
				"south": {"uv": [0, 0, 1, 2], "texture": "#5"},
				"west": {"uv": [0, 0, 0.5, 2], "texture": "#5"},
				"down": {"uv": [0, 0, 1, 0.5], "texture": "#5"}
			}
		},
		{
			"from": [16.02617, 14.2632, 7.91308],
			"to": [16.37387, 14.9586, 8.08693],
			"rotation": {"angle": 22.5, "axis": "z", "origin": [16.20002, 14.6109, 8.08693]},
			"faces": {
				"north": {"uv": [0, 0, 1, 2], "texture": "#5"},
				"east": {"uv": [0, 0, 0.5, 2], "texture": "#5"},
				"south": {"uv": [0, 0, 1, 2], "texture": "#5"},
				"west": {"uv": [0, 0, 0.5, 2], "texture": "#5"}
			}
		}
	],
	"display": {
		"thirdperson_righthand": {
			"rotation": [0, -90, 0],
			"translation": [0, -3.5, -6.5],
			"scale": [0.6, 0.6, 0.6]
		},
		"thirdperson_lefthand": {
			"rotation": [0, 90, 0],
			"translation": [0, -3.5, -6.5],
			"scale": [0.6, 0.6, 0.6]
		},
		"firstperson_righthand": {
			"rotation": [0, -90, 0],
			"translation": [-6.25, 1, -2],
			"scale": [0.6, 0.6, 0.6]
		},
		"firstperson_lefthand": {
			"rotation": [0, 90, 0],
			"translation": [-6.25, 1, -2],
			"scale": [0.6, 0.6, 0.6]
		},
		"ground": {
			"translation": [-2.25, -0.75, 0],
			"scale": [0.6, 0.6, 0.6]
		},
		"gui": {
			"rotation": [0, 0, -28],
			"translation": [-1.25, -1.5, 0],
			"scale": [0.4, 0.4, 0.4]
		},
		"fixed": {
			"rotation": [0, 0, -36],
			"translation": [-2, -2.5, 0],
			"scale": [0.6, 0.6, 0.6]
		}
	},
	"groups": [
		{
			"name": "gun",
			"origin": [8, 8, 8],
			"color": 0,
			"children": [
				{
					"name": "cheek rest",
					"origin": [8, 8, 8.25],
					"color": 0,
					"children": [0]
				},
				{
					"name": "black bit",
					"origin": [8, 8, 8],
					"color": 0,
					"children": [1]
				},
				{
					"name": "rare sights",
					"origin": [8, 8, 8],
					"color": 0,
					"children": [2, 3]
				},
				{
					"name": "magazine",
					"origin": [8, 8, -8.6423],
					"color": 0,
					"children": [4, 5, 6]
				},
				{
					"name": "barrel",
					"origin": [14, 14, 14],
					"color": 0,
					"children": [7, 8, 9, 10]
				},
				{
					"name": "flash hider",
					"origin": [5.46, 15.62, 15.62],
					"color": 0,
					"children": [11, 12, 13, 14, 15, 16, 17, 18]
				},
				{
					"name": "front sight",
					"origin": [8, 8, 19],
					"color": 0,
					"children": [19, 20]
				},
				{
					"name": "aft reciver",
					"origin": [5.5, 9.88582, -2.5],
					"color": 0,
					"children": [21, 22, 23, 24]
				},
				{
					"name": "red dot",
					"origin": [8, 8, 8],
					"color": 0,
					"children": [25, 26, 27, 28, 29, 30]
				},
				{
					"name": "reciver",
					"origin": [5.5, 9.88582, 4.27703],
					"color": 0,
					"children": [31, 32, 33, 34, 35, 36]
				},
				{
					"name": "trigger",
					"origin": [8, 8, -1.44],
					"color": 0,
					"children": [37, 38, 39]
				}
			]
		}
	]
}