{
	"credit": "Made with Blockbench",
	"textures": {
		"0": "item/color/black",
		"2": "item/color/dark gray",
		"3": "item/color/dark teal",
		"4": "item/color/dark wood",
		"5": "item/color/gray",
		"7": "item/color/light gray",
		"8": "item/color/light teal",
		"10": "item/color/red",
		"11": "item/color/teal",
		"13": "item/color/utility black",
		"14": "item/color/utility teal 2",
		"15": "item/color/utility teal 3",
		"16": "item/color/utility teal",
		"17": "item/color/varnished wood",
		"18": "item/color/white",
		"19": "item/color/wood",
		"20": "item/color/super dark teal",
		"21": "item/color/very dark teal",
		"particle": "item/color/black"
	},
	"elements": [
		{
			"from": [7.352, 11.5808, -1.1008],
			"to": [8.648, 12.0992, 16.6208],
			"rotation": {"angle": 0, "axis": "y", "origin": [7.352, 11.5808, 8.7392]},
			"faces": {
				"north": {"uv": [5, 0, 0, 2], "texture": "#2"},
				"east": {"uv": [16, 0, 0, 2], "texture": "#missing"},
				"south": {"uv": [5, 0, 0, 2], "texture": "#20"},
				"west": {"uv": [16, 0, 0, 2], "texture": "#missing"},
				"up": {"uv": [0, 16, 5, 0], "texture": "#2"},
				"down": {"uv": [0, 16, 5, 0], "texture": "#missing"}
			}
		},
		{
			"from": [6.87306, 9.58722, -1.2208],
			"to": [9.12694, 11.90082, 16.7408],
			"rotation": {"angle": 0, "axis": "y", "origin": [6.87306, 10.34562, 8.7392]},
			"faces": {
				"north": {"uv": [8.69552, 0, 0, 8], "texture": "#7"},
				"east": {"uv": [16, 0, 0, 8], "texture": "#18"},
				"south": {"uv": [8.69552, 0, 0, 8], "texture": "#20"},
				"west": {"uv": [16, 0, 0, 8], "texture": "#18"},
				"up": {"uv": [0, 16, 8.69552, 0], "texture": "#5"},
				"down": {"uv": [0, 16, 8.69552, 0], "texture": "#missing"}
			}
		},
		{
			"from": [6.90293, 11.75067, -1.1008],
			"to": [7.42133, 12.00987, 16.6208],
			"rotation": {"angle": 22.5, "axis": "z", "origin": [7.16213, 11.88027, 8.48]},
			"faces": {
				"north": {"uv": [2, 0, 0, 1], "texture": "#2"},
				"east": {"uv": [16, 0, 0, 1], "texture": "#missing"},
				"south": {"uv": [2, 0, 0, 1], "texture": "#20"},
				"west": {"uv": [16, 0, 0, 1], "texture": "#missing"},
				"up": {"uv": [0, 16, 2, 0], "texture": "#7"},
				"down": {"uv": [0, 16, 2, 0], "texture": "#missing"}
			}
		},
		{
			"from": [8.57867, 11.75067, -1.1008],
			"to": [9.09707, 12.00987, 16.6208],
			"rotation": {"angle": -22.5, "axis": "z", "origin": [8.83787, 11.88027, 8.48]},
			"faces": {
				"north": {"uv": [4, 0, 2, 1], "texture": "#2"},
				"east": {"uv": [16, 0, 0, 1], "texture": "#missing"},
				"south": {"uv": [4, 0, 2, 1], "texture": "#20"},
				"west": {"uv": [16, 0, 0, 1], "texture": "#missing"},
				"up": {"uv": [2, 16, 4, 0], "texture": "#7"},
				"down": {"uv": [2, 16, 4, 0], "texture": "#missing"}
			}
		},
		{
			"from": [7.58, 10.04, -1.36],
			"to": [8.42, 12.32, 16.88],
			"rotation": {"angle": 0, "axis": "y", "origin": [7.58, 7.52, 7.52]},
			"faces": {
				"north": {"uv": [1.75, 0, 0, 4.75], "texture": "#11"},
				"east": {"uv": [16, 0, 0, 4.75], "texture": "#8"},
				"south": {"uv": [1.75, 0, 0, 4.75], "texture": "#11"},
				"west": {"uv": [16, 0, 0, 4.75], "texture": "#8"},
				"up": {"uv": [0, 16, 1.75, 0], "texture": "#3"},
				"down": {"uv": [0, 16, 1.75, 0], "texture": "#missing"}
			}
		},
		{
			"from": [7.08, 12.54, -4.36],
			"to": [7.17, 12.57, 19.88],
			"rotation": {"angle": 0, "axis": "y", "origin": [7.58, 7.52, 7.52]},
			"faces": {
				"north": {"uv": [1.75, 0, 0, 4.75], "texture": "#13"},
				"east": {"uv": [16, 0, 0, 4.75], "texture": "#13"},
				"south": {"uv": [1.75, 0, 0, 4.75], "texture": "#13"},
				"west": {"uv": [16, 0, 0, 4.75], "texture": "#13"},
				"up": {"uv": [0, 16, 1.75, 0], "texture": "#10"},
				"down": {"uv": [0, 16, 1.75, 0], "texture": "#13"}
			}
		},
		{
			"from": [8.83, 12.54, -4.36],
			"to": [8.92, 12.57, 19.88],
			"rotation": {"angle": 0, "axis": "y", "origin": [8.42, 7.52, 7.52]},
			"faces": {
				"north": {"uv": [0, 0, 1.75, 4.75], "texture": "#13"},
				"east": {"uv": [0, 0, 16, 4.75], "texture": "#13"},
				"south": {"uv": [0, 0, 1.75, 4.75], "texture": "#13"},
				"west": {"uv": [0, 0, 16, 4.75], "texture": "#13"},
				"up": {"uv": [1.75, 16, 0, 0], "texture": "#10"},
				"down": {"uv": [1.75, 16, 0, 0], "texture": "#13"}
			}
		},
		{
			"from": [7.76, 10.88, 16.28],
			"to": [8.24, 12.68, 17.12],
			"rotation": {"angle": 45, "axis": "x", "origin": [8, 10.94, 16.34]},
			"faces": {
				"north": {"uv": [1, 0, 0, 3.75], "texture": "#13"},
				"east": {"uv": [1.75, 0, 0, 3.75], "texture": "#16"},
				"south": {"uv": [1, 0, 0, 3.75], "texture": "#13"},
				"west": {"uv": [1.75, 0, 0, 3.75], "texture": "#16"},
				"up": {"uv": [0, 1.75, 1, 0], "texture": "#14"},
				"down": {"uv": [0, 1.75, 1, 0], "texture": "#missing"}
			}
		},
		{
			"name": "octagon",
			"from": [8.312, 10.68118, -2.56],
			"to": [8.48, 11.07882, -1.6],
			"rotation": {"angle": 45, "axis": "z", "origin": [8, 10.88, 1.28]},
			"faces": {
				"north": {"uv": [1, 0, 0, 1], "texture": "#21"},
				"east": {"uv": [1, 0, 0, 1], "texture": "#14"},
				"south": {"uv": [1, 0, 0, 1], "texture": "#missing"},
				"west": {"uv": [1, 0, 0, 1], "texture": "#2"},
				"up": {"uv": [1, 0, 0, 1], "rotation": 90, "texture": "#missing"},
				"down": {"uv": [1, 0, 0, 1], "rotation": 270, "texture": "#missing"}
			}
		},
		{
			"name": "octagon",
			"from": [8.312, 10.68118, -3.04],
			"to": [8.48, 11.07882, -1.6],
			"rotation": {"angle": 0, "axis": "y", "origin": [8, 10.88, 1.28]},
			"faces": {
				"north": {"uv": [1, 0, 0, 1], "texture": "#20"},
				"east": {"uv": [1, 0, 0, 1], "texture": "#15"},
				"south": {"uv": [1, 0, 0, 1], "texture": "#missing"},
				"west": {"uv": [1, 0, 0, 1], "texture": "#13"},
				"up": {"uv": [1, 0, 0, 1], "rotation": 90, "texture": "#5"},
				"down": {"uv": [1, 0, 0, 1], "rotation": 270, "texture": "#5"}
			}
		},
		{
			"name": "octagon",
			"from": [7.52, 10.68118, -2.56],
			"to": [7.688, 11.07882, -1.6],
			"rotation": {"angle": 45, "axis": "z", "origin": [8, 10.88, 1.28]},
			"faces": {
				"north": {"uv": [1, 0, 0, 1], "texture": "#21"},
				"east": {"uv": [1, 0, 0, 1], "texture": "#2"},
				"south": {"uv": [1, 0, 0, 1], "texture": "#missing"},
				"west": {"uv": [1, 0, 0, 1], "texture": "#14"},
				"up": {"uv": [1, 0, 0, 1], "rotation": 90, "texture": "#missing"},
				"down": {"uv": [1, 0, 0, 1], "rotation": 270, "texture": "#missing"}
			}
		},
		{
			"name": "octagon",
			"from": [7.52, 10.68118, -3.04],
			"to": [7.688, 11.07882, -1.6],
			"rotation": {"angle": 0, "axis": "y", "origin": [8, 10.88, 1.28]},
			"faces": {
				"north": {"uv": [1, 0, 0, 1], "texture": "#20"},
				"east": {"uv": [1, 0, 0, 1], "texture": "#13"},
				"south": {"uv": [1, 0, 0, 1], "texture": "#missing"},
				"west": {"uv": [1, 0, 0, 1], "texture": "#15"},
				"up": {"uv": [1, 0, 0, 1], "rotation": 90, "texture": "#5"},
				"down": {"uv": [1, 0, 0, 1], "rotation": 270, "texture": "#5"}
			}
		},
		{
			"name": "octagon",
			"from": [7.80118, 10.4, -2.56],
			"to": [8.19882, 10.568, -1.6],
			"rotation": {"angle": 45, "axis": "z", "origin": [8, 10.88, 1.28]},
			"faces": {
				"north": {"uv": [1, 0, 0, 1], "texture": "#21"},
				"east": {"uv": [1, 0, 0, 1], "texture": "#missing"},
				"south": {"uv": [1, 0, 0, 1], "texture": "#missing"},
				"west": {"uv": [1, 0, 0, 1], "texture": "#missing"},
				"up": {"uv": [1, 0, 0, 1], "rotation": 90, "texture": "#2"},
				"down": {"uv": [1, 0, 0, 1], "rotation": 270, "texture": "#14"}
			}
		},
		{
			"name": "octagon",
			"from": [7.80118, 10.4, -3.04],
			"to": [8.19882, 10.568, -1.6],
			"rotation": {"angle": 0, "axis": "y", "origin": [8, 10.88, 1.28]},
			"faces": {
				"north": {"uv": [1, 0, 0, 1], "texture": "#20"},
				"east": {"uv": [1, 0, 0, 1], "texture": "#5"},
				"south": {"uv": [1, 0, 0, 1], "texture": "#missing"},
				"west": {"uv": [1, 0, 0, 1], "texture": "#5"},
				"up": {"uv": [1, 0, 0, 1], "rotation": 90, "texture": "#13"},
				"down": {"uv": [1, 0, 0, 1], "rotation": 270, "texture": "#15"}
			}
		},
		{
			"name": "octagon",
			"from": [7.80118, 11.192, -2.56],
			"to": [8.19882, 11.36, -1.6],
			"rotation": {"angle": 45, "axis": "z", "origin": [8, 10.88, 1.28]},
			"faces": {
				"north": {"uv": [1, 0, 0, 1], "texture": "#21"},
				"east": {"uv": [1, 0, 0, 1], "texture": "#missing"},
				"south": {"uv": [1, 0, 0, 1], "texture": "#missing"},
				"west": {"uv": [1, 0, 0, 1], "texture": "#missing"},
				"up": {"uv": [1, 0, 0, 1], "rotation": 90, "texture": "#14"},
				"down": {"uv": [1, 0, 0, 1], "rotation": 270, "texture": "#2"}
			}
		},
		{
			"name": "octagon",
			"from": [7.80118, 11.192, -3.04],
			"to": [8.19882, 11.36, -1.6],
			"rotation": {"angle": 0, "axis": "y", "origin": [8, 10.88, 1.28]},
			"faces": {
				"north": {"uv": [1, 0, 0, 1], "texture": "#20"},
				"east": {"uv": [1, 0, 0, 1], "texture": "#5"},
				"south": {"uv": [1, 0, 0, 1], "texture": "#missing"},
				"west": {"uv": [1, 0, 0, 1], "texture": "#5"},
				"up": {"uv": [1, 0, 0, 1], "rotation": 90, "texture": "#15"},
				"down": {"uv": [1, 0, 0, 1], "rotation": 270, "texture": "#13"}
			}
		},
		{
			"name": "octagon",
			"from": [7.52, 10.68118, -1.6],
			"to": [8.48, 11.07882, -1],
			"rotation": {"angle": 45, "axis": "z", "origin": [8, 10.88, 2.24]},
			"faces": {
				"north": {"uv": [1, 0, 0, 1], "texture": "#0"},
				"east": {"uv": [1, 0, 0, 1], "texture": "#14"},
				"south": {"uv": [1, 0, 0, 1], "texture": "#missing"},
				"west": {"uv": [1, 0, 0, 1], "texture": "#14"},
				"up": {"uv": [1, 0, 0, 1], "rotation": 90, "texture": "#missing"},
				"down": {"uv": [1, 0, 0, 1], "rotation": 270, "texture": "#missing"}
			}
		},
		{
			"name": "octagon",
			"from": [7.52, 10.68118, -1.6],
			"to": [8.48, 11.07882, -1],
			"rotation": {"angle": 0, "axis": "y", "origin": [8, 10.88, 2.24]},
			"faces": {
				"north": {"uv": [1, 0, 0, 1], "texture": "#0"},
				"east": {"uv": [1, 0, 0, 1], "texture": "#15"},
				"south": {"uv": [1, 0, 0, 1], "texture": "#missing"},
				"west": {"uv": [1, 0, 0, 1], "texture": "#15"},
				"up": {"uv": [1, 0, 0, 1], "rotation": 90, "texture": "#missing"},
				"down": {"uv": [1, 0, 0, 1], "rotation": 270, "texture": "#missing"}
			}
		},
		{
			"name": "octagon",
			"from": [7.80118, 10.4, -1.6],
			"to": [8.19882, 11.36, -1],
			"rotation": {"angle": 45, "axis": "z", "origin": [8, 10.88, 2.24]},
			"faces": {
				"north": {"uv": [1, 0, 0, 1], "texture": "#0"},
				"east": {"uv": [1, 0, 0, 1], "texture": "#missing"},
				"south": {"uv": [1, 0, 0, 1], "texture": "#missing"},
				"west": {"uv": [1, 0, 0, 1], "texture": "#missing"},
				"up": {"uv": [1, 0, 0, 1], "rotation": 90, "texture": "#14"},
				"down": {"uv": [1, 0, 0, 1], "rotation": 270, "texture": "#14"}
			}
		},
		{
			"name": "octagon",
			"from": [7.80118, 10.4, -1.6],
			"to": [8.19882, 11.36, -1],
			"rotation": {"angle": 0, "axis": "y", "origin": [8, 10.88, 2.24]},
			"faces": {
				"north": {"uv": [1, 0, 0, 1], "texture": "#0"},
				"east": {"uv": [1, 0, 0, 1], "texture": "#missing"},
				"south": {"uv": [1, 0, 0, 1], "texture": "#missing"},
				"west": {"uv": [1, 0, 0, 1], "texture": "#missing"},
				"up": {"uv": [1, 0, 0, 1], "rotation": 90, "texture": "#15"},
				"down": {"uv": [1, 0, 0, 1], "rotation": 270, "texture": "#15"}
			}
		},
		{
			"from": [6.75306, 9.10722, -1.7008],
			"to": [9.24694, 9.58722, 16.9908],
			"rotation": {"angle": 0, "axis": "y", "origin": [6.87306, 10.34562, 8.7392]},
			"faces": {
				"north": {"uv": [8.69552, 0, 0, 8], "texture": "#2"},
				"east": {"uv": [16, 0, 0, 8], "texture": "#5"},
				"south": {"uv": [8.69552, 0, 0, 8], "texture": "#2"},
				"west": {"uv": [16, 0, 0, 8], "texture": "#5"},
				"up": {"uv": [0, 16, 8.69552, 0], "texture": "#14"},
				"down": {"uv": [0, 16, 8.69552, 0], "texture": "#13"}
			}
		},
		{
			"from": [6.87306, 7.42722, 0.8192],
			"to": [9.12694, 9.10722, 7.5008],
			"rotation": {"angle": 0, "axis": "y", "origin": [6.87306, 11.30562, 8.7392]},
			"faces": {
				"north": {"uv": [8.69552, 0, 0, 8], "texture": "#20"},
				"east": {"uv": [16, 0, 0, 8], "texture": "#2"},
				"south": {"uv": [8.69552, 0, 0, 8], "texture": "#20"},
				"west": {"uv": [16, 0, 0, 8], "texture": "#2"},
				"up": {"uv": [0, 16, 8.69552, 0], "texture": "#2"},
				"down": {"uv": [0, 16, 8.69552, 0], "texture": "#5"}
			}
		},
		{
			"from": [7.29306, 7.06722, 1.2992],
			"to": [8.70694, 7.42722, 11.9408],
			"rotation": {"angle": 0, "axis": "y", "origin": [7.29306, 11.54562, 8.7392]},
			"faces": {
				"north": {"uv": [8.69552, 0, 0, 8], "texture": "#14"},
				"east": {"uv": [16, 0, 0, 8], "texture": "#16"},
				"south": {"uv": [8.69552, 0, 0, 8], "texture": "#missing"},
				"west": {"uv": [16, 0, 0, 8], "texture": "#16"},
				"up": {"uv": [0, 16, 8.69552, 0], "texture": "#3"},
				"down": {"uv": [0, 16, 8.69552, 0], "texture": "#3"}
			}
		},
		{
			"from": [7.16, -0.64, 10.88],
			"to": [8.84, 8, 14.24],
			"rotation": {"angle": -22.5, "axis": "x", "origin": [7.88, 7.52, 7.52]},
			"faces": {
				"north": {"uv": [3.5, 0, 0, 16], "texture": "#7"},
				"east": {"uv": [7, 0, 0, 16], "texture": "#18"},
				"south": {"uv": [3.5, 0, 0, 16], "texture": "#7"},
				"west": {"uv": [7, 0, 0, 16], "texture": "#18"},
				"up": {"uv": [0, 7, 3.5, 0], "texture": "#7"},
				"down": {"uv": [0, 7, 3.5, 0], "texture": "#13"}
			}
		},
		{
			"from": [6.975, -0.4, 11.12],
			"to": [9.025, 7.76, 14],
			"rotation": {"angle": -22.5, "axis": "x", "origin": [7.945, 7.52, 7.52]},
			"faces": {
				"north": {"uv": [3.75, 0, 0, 16], "texture": "#17"},
				"east": {"uv": [6, 0, 0, 16], "texture": "#19"},
				"south": {"uv": [3.75, 0, 0, 16], "texture": "#17"},
				"west": {"uv": [6, 0, 0, 16], "texture": "#19"},
				"up": {"uv": [0, 6, 3.75, 0], "texture": "#19"},
				"down": {"uv": [0, 6, 3.75, 0], "texture": "#4"}
			}
		},
		{
			"from": [7.76, 8.48, 10.04],
			"to": [8.24, 9.2, 10.28],
			"rotation": {"angle": 0, "axis": "y", "origin": [7.4, 7.52, 7.52]},
			"faces": {
				"north": {"uv": [1, 0, 0, 1.5], "texture": "#2"},
				"east": {"uv": [0.5, 0, 0, 1.5], "texture": "#20"},
				"south": {"uv": [1, 0, 0, 1.5], "texture": "#2"},
				"west": {"uv": [0.5, 0, 0, 1.5], "texture": "#20"},
				"up": {"uv": [0, 0.5, 1, 0], "texture": "#20"},
				"down": {"uv": [0, 0.5, 1, 0], "texture": "#20"}
			}
		},
		{
			"from": [7.76, 7.82419, 9.95729],
			"to": [8.24, 8.54419, 10.19729],
			"rotation": {"angle": 22.5, "axis": "x", "origin": [8, 8.30419, 10.07729]},
			"faces": {
				"north": {"uv": [1, 0, 0, 1.5], "texture": "#2"},
				"east": {"uv": [0.5, 0, 0, 1.5], "texture": "#20"},
				"south": {"uv": [1, 0, 0, 1.5], "texture": "#2"},
				"west": {"uv": [0.5, 0, 0, 1.5], "texture": "#20"},
				"up": {"uv": [0, 0.5, 1, 0], "texture": "#20"},
				"down": {"uv": [0, 0.5, 1, 0], "texture": "#5"}
			}
		},
		{
			"from": [7.4, -1.6, 11.12],
			"to": [8.6, -0.64, 14],
			"rotation": {"angle": -22.5, "axis": "x", "origin": [7.88, 7.52, 7.52]},
			"faces": {
				"north": {"uv": [2.5, 0, 0, 2], "texture": "#2"},
				"east": {"uv": [6, 0, 0, 2], "texture": "#20"},
				"south": {"uv": [2.5, 0, 0, 2], "texture": "#2"},
				"west": {"uv": [6, 0, 0, 2], "texture": "#20"},
				"up": {"uv": [0, 6, 2.5, 0], "texture": "#20"},
				"down": {"uv": [0, 6, 2.5, 0], "texture": "#20"}
			}
		},
		{
			"from": [7.28, -2.08, 11],
			"to": [8.72, -1.6, 14.12],
			"rotation": {"angle": -22.5, "axis": "x", "origin": [7.88, 7.52, 7.52]},
			"faces": {
				"north": {"uv": [3, 0, 0, 1], "texture": "#18"},
				"east": {"uv": [6.5, 0, 0, 1], "texture": "#7"},
				"south": {"uv": [3, 0, 0, 1], "texture": "#18"},
				"west": {"uv": [6.5, 0, 0, 1], "texture": "#7"},
				"up": {"uv": [0, 6.5, 3, 0], "texture": "#5"},
				"down": {"uv": [0, 6.5, 3, 0], "texture": "#5"}
			}
		}
	],
	"display": {
		"thirdperson_righthand": {
			"translation": [0, -0.5, -1.25],
			"scale": [0.5, 0.5, 0.5]
		},
		"thirdperson_lefthand": {
			"translation": [0, -0.5, -1.25],
			"scale": [0.5, 0.5, 0.5]
		},
		"firstperson_righthand": {
			"rotation": [0, 0, 23],
			"translation": [-6, 2, -5.25]
		},
		"firstperson_lefthand": {
			"rotation": [0, 0, 23],
			"translation": [-6, 2, -5.25]
		},
		"ground": {
			"translation": [0, 0.75, 0],
			"scale": [0.5, 0.5, 0.5]
		},
		"gui": {
			"rotation": [45, 45, 0],
			"translation": [0, 0.75, 0],
			"scale": [0.7, 0.7, 0.7]
		},
		"fixed": {
			"rotation": [0, 90, 0],
			"translation": [0.25, 0, 0],
			"scale": [0.7, 0.7, 0.7]
		}
	},
	"groups": [
		{
			"name": "gun",
			"origin": [8, 8, 8],
			"color": 0,
			"children": [
				{
					"name": "slides",
					"origin": [8, 8, 8],
					"color": 0,
					"children": [
						{
							"name": "slide",
							"origin": [8, 8, 8],
							"color": 0,
							"children": [0, 1, 2, 3]
						},
						4,
						5,
						6,
						7
					]
				},
				{
					"name": "barrel",
					"origin": [8, 8, 8],
					"color": 0,
					"children": [
						{
							"name": "octagon",
							"origin": [8, 8, 8],
							"color": 0,
							"children": [8, 9, 10, 11, 12, 13, 14, 15]
						},
						{
							"name": "octagon",
							"origin": [8, 8, 8],
							"color": 0,
							"children": [16, 17, 18, 19]
						}
					]
				},
				{
					"name": "reciver",
					"origin": [8, 8, 8],
					"color": 0,
					"children": [20, 21, 22]
				},
				{
					"name": "grip",
					"origin": [7.75, 8, 8],
					"color": 0,
					"children": [23, 24]
				},
				{
					"name": "trigger",
					"origin": [8, 8, 8],
					"color": 0,
					"children": [25, 26]
				},
				{
					"name": "magazine",
					"origin": [8, 8, 8],
					"color": 0,
					"children": [27, 28]
				}
			]
		}
	]
}