{
	"parent": "item/handheld",
	"textures": {
		"layer0": "item/feather"
	},
	"overrides": [
		{"predicate": {"custom_model_data":110}, "model":"item/weapons/uzi"},
		{"predicate": {"custom_model_data":111}, "model":"item/weapons/uziaiming"},
		{"predicate": {"custom_model_data":112}, "model":"item/weapons/uzisprinting"},
		
		{"predicate": {"custom_model_data":120}, "model":"item/weapons/famasg2"},
		{"predicate": {"custom_model_data":121}, "model":"item/weapons/famasg2aiming"},
		{"predicate": {"custom_model_data":122}, "model":"item/weapons/famasg2sprinting"},
		{"predicate": {"custom_model_data":123}, "model":"item/weapons/famasg2reloading"},

		{"predicate": {"custom_model_data":130}, "model":"item/weapons/raptor76"},
		{"predicate": {"custom_model_data":131}, "model":"item/weapons/raptor76aiming"},
		{"predicate": {"custom_model_data":132}, "model":"item/weapons/raptor76sprinting"},
		{"predicate": {"custom_model_data":133}, "model":"item/weapons/raptor76reloading"},
		
		{"predicate": {"custom_model_data":9999}, "model":"item/weapons/reticle_pmii"}
	]
}