{"textures":{"0":"modelengine:entity/body_texture"},"elements":[{"from":[6.285714,12.571428,5.714286],"to":[9.714286,16.0,11.428572],"rotation":{"angle":0.0,"axis":"y","origin":[8.0,8.0,8.0]},"faces":{"east":{"uv":[0.0,2.5,2.5,4.0],"rotation":0,"texture":"#0","tintindex":0},"south":{"uv":[6.5,2.5,8.0,4.0],"rotation":0,"texture":"#0","tintindex":0},"north":{"uv":[2.5,2.5,4.0,4.0],"rotation":0,"texture":"#0","tintindex":0},"west":{"uv":[4.0,2.5,6.5,4.0],"rotation":0,"texture":"#0","tintindex":0},"up":{"uv":[4.0,2.5,2.5,0.0],"rotation":0,"texture":"#0","tintindex":0},"down":{"uv":[5.5,0.0,4.0,2.5],"rotation":0,"texture":"#0","tintindex":0}}},{"from":[6.285714,16.0,6.285714],"to":[9.714286,16.57143,10.857143],"rotation":{"angle":0.0,"axis":"y","origin":[8.0,8.0,8.0]},"faces":{"east":{"uv":[5.0,6.25,7.0,6.5],"rotation":0,"texture":"#0","tintindex":0},"south":{"uv":[10.5,6.25,12.0,6.5],"rotation":0,"texture":"#0","tintindex":0},"north":{"uv":[7.0,6.25,8.5,6.5],"rotation":0,"texture":"#0","tintindex":0},"west":{"uv":[8.5,6.25,10.5,6.5],"rotation":0,"texture":"#0","tintindex":0},"up":{"uv":[8.5,6.25,7.0,4.25],"rotation":0,"texture":"#0","tintindex":0},"down":{"uv":[10.0,4.25,8.5,6.25],"rotation":0,"texture":"#0","tintindex":0}}},{"from":[10.285714,13.085714,8.8],"to":[10.857143,13.657143,9.942858],"rotation":{"angle":0.0,"axis":"y","origin":[8.0,9.142858,8.0]},"faces":{"east":{"uv":[5.0,4.5,5.5,4.75],"rotation":0,"texture":"#0","tintindex":0},"south":{"uv":[6.25,4.5,6.5,4.75],"rotation":0,"texture":"#0","tintindex":0},"north":{"uv":[5.5,4.5,5.75,4.75],"rotation":0,"texture":"#0","tintindex":0},"west":{"uv":[5.75,4.5,6.25,4.75],"rotation":0,"texture":"#0","tintindex":0},"up":{"uv":[5.75,4.5,5.5,4.0],"rotation":0,"texture":"#0","tintindex":0},"down":{"uv":[6.0,4.0,5.75,4.5],"rotation":0,"texture":"#0","tintindex":0}}},{"from":[6.285714,12.0,6.285714],"to":[9.714286,12.571428,10.857143],"rotation":{"angle":0.0,"axis":"y","origin":[8.0,8.0,8.0]},"faces":{"east":{"uv":[0.0,6.0,2.0,6.25],"rotation":0,"texture":"#0","tintindex":0},"south":{"uv":[5.5,6.0,7.0,6.25],"rotation":0,"texture":"#0","tintindex":0},"north":{"uv":[2.0,6.0,3.5,6.25],"rotation":0,"texture":"#0","tintindex":0},"west":{"uv":[3.5,6.0,5.5,6.25],"rotation":0,"texture":"#0","tintindex":0},"up":{"uv":[3.5,6.0,2.0,4.0],"rotation":0,"texture":"#0","tintindex":0},"down":{"uv":[5.0,4.0,3.5,6.0],"rotation":0,"texture":"#0","tintindex":0}}},{"from":[5.714286,12.571428,6.285714],"to":[6.285714,16.0,10.857143],"rotation":{"angle":0.0,"axis":"y","origin":[8.0,8.0,8.0]},"faces":{"east":{"uv":[4.5,8.5,6.5,10.0],"rotation":0,"texture":"#0","tintindex":0},"south":{"uv":[8.75,8.5,9.0,10.0],"rotation":0,"texture":"#0","tintindex":0},"north":{"uv":[6.5,8.5,6.75,10.0],"rotation":0,"texture":"#0","tintindex":0},"west":{"uv":[6.75,8.5,8.75,10.0],"rotation":0,"texture":"#0","tintindex":0},"up":{"uv":[6.75,8.5,6.5,6.5],"rotation":0,"texture":"#0","tintindex":0},"down":{"uv":[7.0,6.5,6.75,8.5],"rotation":0,"texture":"#0","tintindex":0}}},{"from":[9.714286,12.571428,6.285714],"to":[10.285714,16.0,10.857143],"rotation":{"angle":0.0,"axis":"y","origin":[8.0,8.0,8.0]},"faces":{"east":{"uv":[0.0,8.25,2.0,9.75],"rotation":0,"texture":"#0","tintindex":0},"south":{"uv":[4.25,8.25,4.5,9.75],"rotation":0,"texture":"#0","tintindex":0},"north":{"uv":[2.0,8.25,2.25,9.75],"rotation":0,"texture":"#0","tintindex":0},"west":{"uv":[2.25,8.25,4.25,9.75],"rotation":0,"texture":"#0","tintindex":0},"up":{"uv":[2.25,8.25,2.0,6.25],"rotation":0,"texture":"#0","tintindex":0},"down":{"uv":[2.5,6.25,2.25,8.25],"rotation":0,"texture":"#0","tintindex":0}}},{"from":[5.142857,13.085714,8.8],"to":[5.714286,13.657143,9.942858],"rotation":{"angle":0.0,"axis":"y","origin":[8.0,9.142858,8.0]},"faces":{"east":{"uv":[5.0,5.25,5.5,5.5],"rotation":0,"texture":"#0","tintindex":0},"south":{"uv":[6.25,5.25,6.5,5.5],"rotation":0,"texture":"#0","tintindex":0},"north":{"uv":[5.5,5.25,5.75,5.5],"rotation":0,"texture":"#0","tintindex":0},"west":{"uv":[5.75,5.25,6.25,5.5],"rotation":0,"texture":"#0","tintindex":0},"up":{"uv":[5.75,5.25,5.5,4.75],"rotation":0,"texture":"#0","tintindex":0},"down":{"uv":[6.0,4.75,5.75,5.25],"rotation":0,"texture":"#0","tintindex":0}}}],"display":{"head":{"translation":[0.0,-6.4,0.0],"scale":[4.0,4.0,4.0]}}}