{"textures":{"0":"modelengine:entity/body_texture"},"elements":[{"from":[7.4857144,7.4857144,7.3333335],"to":[8.514286,8.514286,9.047619],"rotation":{"angle":0.0,"axis":"y","origin":[7.428571,2.2857141,11.333334]},"faces":{"east":{"uv":[0.0,5.75,0.75,6.0],"rotation":0,"texture":"#0","tintindex":0},"south":{"uv":[1.75,5.75,2.0,6.0],"rotation":0,"texture":"#0","tintindex":0},"north":{"uv":[0.75,5.75,1.0,6.0],"rotation":0,"texture":"#0","tintindex":0},"west":{"uv":[1.0,5.75,1.75,6.0],"rotation":0,"texture":"#0","tintindex":0},"up":{"uv":[1.0,5.75,0.75,5.0],"rotation":0,"texture":"#0","tintindex":0},"down":{"uv":[1.25,5.0,1.0,5.75],"rotation":0,"texture":"#0","tintindex":0}}},{"from":[7.257143,7.257143,9.047619],"to":[8.742857,8.742857,10.190476],"rotation":{"angle":0.0,"axis":"y","origin":[7.428571,2.2857141,11.333334]},"faces":{"east":{"uv":[0.0,4.5,0.5,5.0],"rotation":0,"texture":"#0","tintindex":0},"south":{"uv":[1.5,4.5,2.0,5.0],"rotation":0,"texture":"#0","tintindex":0},"north":{"uv":[0.5,4.5,1.0,5.0],"rotation":0,"texture":"#0","tintindex":0},"west":{"uv":[1.0,4.5,1.5,5.0],"rotation":0,"texture":"#0","tintindex":0},"up":{"uv":[1.0,4.5,0.5,4.0],"rotation":0,"texture":"#0","tintindex":0},"down":{"uv":[1.5,4.0,1.0,4.5],"rotation":0,"texture":"#0","tintindex":0}}},{"from":[7.6571426,7.6571426,5.047619],"to":[8.342857,8.342857,7.3333335],"rotation":{"angle":0.0,"axis":"y","origin":[7.428571,2.2857141,11.333334]},"faces":{"east":{"uv":[2.5,7.25,3.5,7.5],"rotation":0,"texture":"#0","tintindex":0},"south":{"uv":[4.75,7.25,5.0,7.5],"rotation":0,"texture":"#0","tintindex":0},"north":{"uv":[3.5,7.25,3.75,7.5],"rotation":0,"texture":"#0","tintindex":0},"west":{"uv":[3.75,7.25,4.75,7.5],"rotation":0,"texture":"#0","tintindex":0},"up":{"uv":[3.75,7.25,3.5,6.25],"rotation":0,"texture":"#0","tintindex":0},"down":{"uv":[4.0,6.25,3.75,7.25],"rotation":0,"texture":"#0","tintindex":0}}}],"display":{"head":{"translation":[0.0,-6.4,0.0],"scale":[4.0,4.0,4.0]}}}