{"textures":{"0":"modelengine:entity/body_texture"},"elements":[{"from":[10.857143,12.0,4.5714283],"to":[11.428572,12.571428,8.571428],"rotation":{"angle":0.0,"axis":"y","origin":[8.0,7.428571,8.0]},"faces":{"east":{"uv":[6.25,4.0,8.0,4.25],"rotation":0,"texture":"#0","tintindex":0},"south":{"uv":[10.0,4.0,10.25,4.25],"rotation":0,"texture":"#0","tintindex":0},"north":{"uv":[8.0,4.0,8.25,4.25],"rotation":0,"texture":"#0","tintindex":0},"west":{"uv":[8.25,4.0,10.0,4.25],"rotation":0,"texture":"#0","tintindex":0},"up":{"uv":[8.25,4.0,8.0,2.25],"rotation":0,"texture":"#0","tintindex":0},"down":{"uv":[8.5,2.25,8.25,4.0],"rotation":0,"texture":"#0","tintindex":0}}},{"from":[10.685715,11.828571,8.571428],"to":[11.6,12.742857,10.857143],"rotation":{"angle":0.0,"axis":"y","origin":[8.0,7.428571,8.0]},"faces":{"east":{"uv":[0.0,2.25,1.0,2.5],"rotation":0,"texture":"#0","tintindex":0},"south":{"uv":[2.25,2.25,2.5,2.5],"rotation":0,"texture":"#0","tintindex":0},"north":{"uv":[1.0,2.25,1.25,2.5],"rotation":0,"texture":"#0","tintindex":0},"west":{"uv":[1.25,2.25,2.25,2.5],"rotation":0,"texture":"#0","tintindex":0},"up":{"uv":[1.25,2.25,1.0,1.25],"rotation":0,"texture":"#0","tintindex":0},"down":{"uv":[1.5,1.25,1.25,2.25],"rotation":0,"texture":"#0","tintindex":0}}}],"display":{"head":{"translation":[0.0,-6.4,0.0],"scale":[4.0,4.0,4.0]}}}