{"textures":{"0":"modelengine:entity/body_texture"},"elements":[{"from":[4.5714283,12.0,4.5714283],"to":[5.142857,12.571428,8.571428],"rotation":{"angle":0.0,"axis":"y","origin":[8.0,7.428571,8.0]},"faces":{"east":{"uv":[5.5,1.75,7.25,2.0],"rotation":0,"texture":"#0","tintindex":0},"south":{"uv":[9.25,1.75,9.5,2.0],"rotation":0,"texture":"#0","tintindex":0},"north":{"uv":[7.25,1.75,7.5,2.0],"rotation":0,"texture":"#0","tintindex":0},"west":{"uv":[7.5,1.75,9.25,2.0],"rotation":0,"texture":"#0","tintindex":0},"up":{"uv":[7.5,1.75,7.25,0.0],"rotation":0,"texture":"#0","tintindex":0},"down":{"uv":[7.75,0.0,7.5,1.75],"rotation":0,"texture":"#0","tintindex":0}}},{"from":[4.3999996,11.828571,8.571428],"to":[5.3142858,12.742857,10.857143],"rotation":{"angle":0.0,"axis":"y","origin":[8.0,7.428571,8.0]},"faces":{"east":{"uv":[0.0,1.0,1.0,1.25],"rotation":0,"texture":"#0","tintindex":0},"south":{"uv":[2.25,1.0,2.5,1.25],"rotation":0,"texture":"#0","tintindex":0},"north":{"uv":[1.0,1.0,1.25,1.25],"rotation":0,"texture":"#0","tintindex":0},"west":{"uv":[1.25,1.0,2.25,1.25],"rotation":0,"texture":"#0","tintindex":0},"up":{"uv":[1.25,1.0,1.0,0.0],"rotation":0,"texture":"#0","tintindex":0},"down":{"uv":[1.5,0.0,1.25,1.0],"rotation":0,"texture":"#0","tintindex":0}}}],"display":{"head":{"translation":[0.0,-6.4,0.0],"scale":[4.0,4.0,4.0]}}}